<?xml version="1.0" encoding="UTF-8"?>
<project-private xmlns="http://www.netbeans.org/ns/project-private/1">
    <editor-bookmarks xmlns="http://www.netbeans.org/ns/editor-bookmarks/2" lastBookmarkId="0"/>
    <open-files xmlns="http://www.netbeans.org/ns/projectui-open-files/2">
        <group>
            <file>file:/C:/Users/David%20Ricardo/Desktop/Proyecto/Concesionario/src/java/datos/NominaDAO.java</file>
            <file>file:/C:/Users/David%20Ricardo/Desktop/Proyecto/Concesionario/web/vistas/nuevaOrden.jsp</file>
            <file>file:/C:/Users/David%20Ricardo/Desktop/Proyecto/Concesionario/web/vistas/modPruebas.jsp</file>
            <file>file:/C:/Users/David%20Ricardo/Desktop/Proyecto/Concesionario/src/java/datos/VehiculoDAO.java</file>
            <file>file:/C:/Users/David%20Ricardo/Desktop/Proyecto/Concesionario/src/java/negocio/Concesionario.java</file>
            <file>file:/C:/Users/David%20Ricardo/Desktop/Proyecto/Concesionario/web/estructura/navegacion.html</file>
            <file>file:/C:/Users/David%20Ricardo/Desktop/Proyecto/Concesionario/src/java/negocio/Nomina.java</file>
            <file>file:/C:/Users/David%20Ricardo/Desktop/Proyecto/Concesionario/src/java/datos/OrdenPagoDAO.java</file>
        </group>
    </open-files>
</project-private>
